X,Y,cluster_number
-22.040231193665207,69.02940104367309,4.0
115.58526336294413,-9.809048293529369,7.0
127.25642274732256,-97.2628068827799,9.0
115.54249083710988,-40.41355669195968,7.0
134.72734645873888,-93.11985859977591,9.0
74.59316940161612,-29.780825338185785,7.0
80.51313352552606,-141.07499249890384,1.0
118.9452185751185,-33.402305892992906,7.0
52.125169267681954,99.01822560407625,8.0
136.2675681899789,-99.12684279824208,9.0
83.20833888652089,-59.877401021055576,7.0
63.21797420355071,97.75339036792847,8.0
72.48959303740922,197.80465015225877,2.0
71.08141725399496,105.22979712861519,8.0
125.70705333108201,-101.69389348481734,9.0
99.77674197192829,-52.90047357983879,7.0
48.89311401101375,-28.65667752237779,7.0
69.61925450048012,188.56362008596759,2.0
81.94699132576527,-148.95273165650528,1.0
-17.87052112269093,73.66158344299608,4.0
70.90021360586265,185.14091171539485,2.0
-49.349862173989756,117.70270877361766,5.0
135.3850986245881,-98.12947808051143,9.0
57.876825093933306,88.4026661319265,8.0
-30.082996292793258,104.75062208335888,5.0
48.1774425946985,115.17138828390861,8.0
137.59571537465692,-94.50560502337281,9.0
-35.668104283680755,121.59721000526403,5.0
-159.80384610149213,101.90746158562291,3.0
126.44558605267035,-95.9929307528511,9.0
-196.32705608617792,124.65933840965333,3.0
71.33181510200221,90.99251877041237,8.0
-140.5027938808559,-192.62586546741946,0.0
11.215058658741587,-108.89757132704493,6.0
135.20081976827464,-89.79807727346956,9.0
-32.4126730544237,103.90615962404203,5.0
101.7051385409809,-33.08917053716606,7.0
133.69256491312674,-100.21026689323719,9.0
30.882252072382634,-126.98211505639983,6.0
-128.5413849048094,-200.22730191410233,0.0
134.95486711435538,-97.96086344681967,9.0
128.28650389028755,-86.88166299849095,9.0
-56.04904542963902,82.37293071175458,5.0
124.80461295274476,-97.53088137429867,9.0
83.32340360872136,-149.2313913450746,1.0
-126.85098183660175,-198.70529129894024,0.0
-138.34621019911236,-190.13672804708432,0.0
-10.796495505866558,63.89867108471471,4.0
73.43880672322038,181.70463724070282,2.0
-124.83760106879618,-196.3214429722413,0.0
128.877778804694,-103.65708059267378,9.0
71.76515188216574,-142.06101208204416,1.0
38.585110641553186,93.56032478059548,8.0
75.9506201331867,-9.940494570461677,7.0
-139.80496301555692,-198.05975077139746,0.0
-184.1969082611178,128.26529876987533,3.0
122.83775934845097,-89.0139584226346,9.0
119.11621471479839,-94.63485666243635,9.0
101.26022116895739,-62.926338737936526,7.0
83.95578712280033,-139.15653649868878,1.0
64.63995298856179,187.37185969617428,2.0
81.27901308041746,-149.8133372086666,1.0
71.30997446071729,-139.8286293743619,1.0
-18.500766841289806,71.86421424883851,4.0
-180.12200645074068,131.97313886447233,3.0
75.94197813077987,-143.67694788929666,1.0
35.47541731226637,-128.8043642867616,6.0
-13.29993013254257,65.6423910315012,4.0
61.61238063469888,207.84506757294045,2.0
125.52856312832185,-104.73125389974534,9.0
-136.4807935303125,-191.12470853455454,0.0
-136.3838110837297,-190.008736827234,0.0
-136.23542655625658,-182.64584222203675,0.0
72.40269220103131,-144.7820530921269,1.0
13.261312855239233,-132.62487538351849,6.0
51.99664703089134,116.91148752419473,8.0
-136.09048358771184,-197.74239808438006,0.0
-137.64696018738786,-186.99755107398616,0.0
-70.51787716330158,114.88503780110389,5.0
-190.94813409752152,126.47768572347049,3.0
65.01803235268034,200.37660670693845,2.0
71.88593960347421,-134.21833377267944,1.0
84.52776073945029,-25.46085208442033,7.0
-15.317928595396873,68.74336211063161,4.0
78.38602984584318,-137.13756319222634,1.0
-52.67051958456606,99.67914422633591,5.0
31.87346413426142,-119.81078268533763,6.0
76.8837584630526,112.76313548127557,8.0
35.32199170108729,96.10980454737727,8.0
-10.39805295462191,60.21908544928791,4.0
-138.4288250362981,-182.22329847560155,0.0
80.81348088437649,-136.2627905255839,1.0
-38.40754835703949,100.00573069370725,5.0
31.634577470237076,-131.4304349419011,6.0
-2.2948232205865544,64.73342948186367,4.0
-173.50212354276357,102.35601379625191,3.0
83.54576352636664,199.37215463582626,2.0
80.07380590257117,207.4737886804631,2.0
-143.0074297081608,-194.93335329844015,0.0
-46.953449791120086,87.41072389682539,5.0
-44.41069555395539,85.7519632175366,5.0
-25.049051487957303,69.3460172688147,4.0
119.39260113751128,-96.08864572134054,9.0
-56.56748899410566,91.62379138750593,5.0
86.03655018793683,185.01560629413765,2.0
-140.2487686753394,-187.9030814822064,0.0
65.63643229786715,87.2929535065865,8.0
50.25820387265008,122.21729601372935,8.0
-135.50010052543593,-193.08115271368624,0.0
11.510249094973402,-116.76285741331131,6.0
-132.08568092574149,-181.36139478340044,0.0
-37.62778669145457,130.07249377473298,5.0
-20.60312393123332,59.5727402738942,4.0
53.215937365539475,90.33353843686362,8.0
56.88278094014706,114.66814063674391,8.0
85.08985764375784,-141.1619276833709,1.0
-139.16255876655984,-196.1750819034819,0.0
84.59316291053686,206.50278220911713,2.0
-131.41090018954634,-184.26270359426826,0.0
-190.22012676648407,126.16486379440234,3.0
-23.214077347564228,70.05046862663684,4.0
49.50666152030214,112.85238467603413,8.0
61.09079021743909,103.69122599287576,8.0
128.96637317458772,-103.59753857144611,9.0
-160.95483658385052,109.76698658167696,3.0
-65.97004716016163,117.09675859091965,5.0
87.90068786451697,-41.46616656487191,7.0
76.80458609943682,107.25786868326593,8.0
-133.92714800261285,-189.77588271175014,0.0
68.46369817049185,102.38230148276325,8.0
28.35574843796626,-113.21804329128902,6.0
-18.037103058800323,59.80114026523332,4.0
-8.878636123536413,61.8444321824672,4.0
-33.26518552295287,80.82624472135043,5.0
-134.08422581183086,-180.81534937997347,0.0
67.78204994458413,109.05812113518927,8.0
-71.6968859256204,110.7327656608546,5.0
82.0382283452046,-13.62284343307132,7.0
60.68754430283055,78.64157681674286,8.0
66.41907760926965,190.57976123663096,2.0
55.85652832419917,-53.33352910146173,7.0
47.6983278643516,118.5864795682883,8.0
-62.80459162685173,102.93346786287813,5.0
-140.42955963082105,-190.75130613603017,0.0
-25.549143435816106,64.36214008760903,4.0
137.08155899852835,-97.609458371456,9.0
69.87258066261938,84.09516679165353,8.0
126.3770241317993,-93.30653014428547,9.0
-130.18826648288618,-201.1204544462976,0.0
128.08704747181,-91.04483295183259,9.0
19.53407871395412,-118.20879057808705,6.0
-40.332515521916484,115.00479615322958,5.0
79.45385120009621,-154.80822120338587,1.0
-131.52356430714912,-184.03093702122274,0.0
-36.161391134807005,76.31867357750963,5.0
88.61134527036006,-47.278134966369635,7.0
87.19693022032325,200.82437162021077,2.0
124.94553694997914,-93.76056808215766,9.0
94.01595848064444,0.03636202448121395,7.0
58.26493473586707,91.84931783175705,8.0
-172.52693687802122,142.50194893503982,3.0
-187.09723290976672,92.8675564639963,3.0
-127.82697689014708,-181.4898566548598,0.0
-143.6762704257061,-191.83136702464896,0.0
15.154221744663005,-136.44170044981595,6.0
-77.85484799121816,95.77358724821929,5.0
-141.8219290264993,-189.30731195360573,0.0
-137.6584424497732,-193.22406510752052,0.0
119.79697083915869,-96.8901261714034,9.0
-58.98673759818308,91.27649350026687,5.0
-172.66866113795203,94.41493460423965,3.0
-140.0429516014903,-193.9531175386711,0.0
85.16665391800396,196.96064333265795,2.0
-197.17269539869557,105.9887554709244,3.0
93.37398141000955,-56.417156817117714,7.0
65.16852920853569,115.33300769852309,8.0
-55.13455378168264,129.98430549860095,5.0
-140.31271015707935,-195.92509665750597,0.0
125.49250106674603,-101.12751344260299,9.0
-67.7732980229803,77.17094247872276,5.0
13.018639299465963,-133.22826195144972,6.0
-20.77764601857456,61.065034201547874,4.0
-174.26059406449775,140.4669588601701,3.0
-21.08472783135872,68.69017813249785,4.0
120.35573210600658,-91.38959237229615,9.0
34.3139342461854,-132.6518291588765,6.0
80.72813932900903,99.71595374766,8.0
58.95106829572651,99.29897306642277,8.0
102.43512561796567,-1.226551680207777,7.0
-65.79905907898542,105.65938786532047,5.0
-170.24572740613908,139.8860568384498,3.0
-74.60415697481805,117.82161488150048,5.0
-137.20443978314546,-199.33122159975434,0.0
-130.54101478516998,-198.17828975347726,0.0
64.81625870583626,-145.31422749081796,1.0
69.21836254595843,-138.1064801196529,1.0
60.915579220450184,106.04160704036335,8.0
-17.577420190241366,49.17207247477418,4.0
-130.8820995871021,-194.8433311532487,0.0
129.08615256912287,-86.26477425416985,9.0
-21.85210525755627,92.2223405366106,5.0
72.33680444036233,-145.44735466615614,1.0
76.03829129225623,-135.85850945787422,1.0
-203.39175883025177,123.80717683551553,3.0
125.51764405979384,-96.71384369785275,9.0
-18.76705419966809,61.6429821121604,4.0
58.19209222883584,-39.135314708988204,7.0
47.0385550858612,100.02770614783168,8.0
-130.10165390226902,-181.39282491952306,0.0
-68.93889813423765,111.75140322398788,5.0
-178.7188783298206,110.86828399294708,3.0
-72.69077693149195,113.24527740922878,5.0
-181.59800978642056,137.59759746184412,3.0
-8.637394902432957,50.60796780808342,4.0
97.39580788592372,-7.245040147313777,7.0
134.76214461081912,-97.33570229048622,9.0
68.83458386108681,196.50634285809983,2.0
5.697139684269803,-133.07003372019577,6.0
62.40664984003584,194.00131131229247,2.0
25.718689915292966,-111.92803459664758,6.0
84.50245401796748,-36.57588310049428,7.0
50.24570487371629,108.39389429111785,8.0
130.95825559347412,-94.33372320469732,9.0
76.1512790042296,-148.8511678978897,1.0
-45.15967219680624,99.83707843968094,5.0
-142.885547471012,-194.80414666135647,0.0
-40.83764234387064,115.64475880465163,5.0
108.17239430796238,-61.05922521875867,7.0
49.52342272290645,115.55340072459056,8.0
-179.03146727550225,137.17369979423006,3.0
-3.289465399696631,60.148346883191785,4.0
135.23660965451225,-96.8012660739548,9.0
69.79211008252277,-149.37176346783156,1.0
67.88444793199169,-143.03552081017642,1.0
119.44711653954525,-97.46152433041514,9.0
71.31243407619323,97.02419176442093,8.0
-11.466916397883693,49.66465366275375,4.0
75.72485667245274,205.01934088645882,2.0
99.47602003189496,-67.94047766962129,7.0
-173.2045925637344,102.36759421933083,3.0
30.703321466966063,-111.50109951954417,6.0
74.93825034103214,-137.23105959726638,1.0
-131.06162169172464,-180.42635812085575,0.0
-149.43887377686406,128.85332614061437,3.0
79.48418802399526,-40.14867983706756,7.0
-157.39878439130027,118.77518696241816,3.0
-131.17621689719073,-183.6881425893639,0.0
67.54560790240357,-149.68324858962785,1.0
-73.10209824047729,86.61831847059126,5.0
-21.022423255552752,68.89863164665199,4.0
-183.80955534356357,103.39511985502635,3.0
130.4928626809228,-89.78307797237441,9.0
30.970082439739652,-116.67191385068939,6.0
-16.829823600720143,48.6015640419091,4.0
122.10683481072618,-102.34774175438409,9.0
132.73560567698811,-96.6631655786344,9.0
-155.23680328134353,132.01920832812291,3.0
38.65925855012364,-119.48284786871025,6.0
88.8635631725477,195.49974642574776,2.0
67.1973902547824,-144.795290428047,1.0
90.48257801824184,193.34740558878912,2.0
128.01545492801324,-89.47619186153825,9.0
71.6086642926044,207.01721065583263,2.0
130.169423643995,-102.49364535658145,9.0
134.2809623562896,-88.30088269461812,9.0
61.1800742302877,-40.92196703182923,7.0
122.69071686774303,-96.55461370534756,9.0
50.90502141160418,86.43047884328134,8.0
46.473631285074006,99.05610434224567,8.0
69.11117370117277,-27.134901014783633,7.0
-195.0464460205737,118.55826680310648,3.0
-38.82277704273179,73.86075825554316,5.0
38.59369488723346,-113.55673725414242,6.0
-139.70908204302228,-198.8761821649052,0.0
74.20928689558029,-147.3385841852679,1.0
-19.235338232097938,58.92315578259979,4.0
132.5789445710991,-101.11990432028071,9.0
10.297118099000352,-116.26100854508289,6.0
74.6940930438501,-133.34912128413438,1.0
75.87813531644443,-155.867568800758,1.0
85.2201003241879,-12.205693286213172,7.0
25.12018380947886,-143.7985703157508,6.0
58.79720627664274,-21.7034315046926,7.0
-20.275540960837322,57.49978338070336,4.0
18.90782665203866,-137.92930200553675,6.0
71.86113071746007,185.1764289001166,2.0
65.74492351179089,-143.95262054209655,1.0
97.2529366754408,-0.9920764816871426,7.0
-130.17075571538965,-198.50155126918094,0.0
76.84878496813332,99.88889217321527,8.0
-61.86798637104748,122.41287627119057,5.0
15.564234854368866,-139.61774147891384,6.0
57.20629088677839,81.67685394944242,8.0
71.17859145232424,195.69696811019,2.0
69.70356334214071,-24.33543623341769,7.0
83.55693576082895,-141.19536604068537,1.0
73.70776375372232,-141.06442576896234,1.0
72.8350678802299,-16.376005547167605,7.0
-16.496324267866836,66.11282434461508,4.0
72.84975896606338,-39.87306680887034,7.0
31.27290714823438,-130.41963556111332,6.0
-132.7254351185013,-201.97834694377946,0.0
-9.304721292319933,50.17286373218271,4.0
40.71288695384274,91.52807739547549,8.0
-127.87260313098818,-196.61307706380126,0.0
56.36895247611788,86.89607848098768,8.0
14.926678190020512,-121.24490940338697,6.0
98.80251491960047,-51.44569030761988,7.0
102.13662263042042,-22.974946252907934,7.0
127.34424473485998,-102.09686683811329,9.0
82.66623287118175,-142.16281861730351,1.0
85.25456145152134,-150.4379638439631,1.0
73.53746616229259,82.8844708469728,8.0
95.69380888350926,-34.37981967501534,7.0
79.53810276371935,-45.7903419836286,7.0
-172.79077397088764,97.12121931658498,3.0
60.07249377173363,-11.262088587950554,7.0
-177.15386541909496,141.26467002906165,3.0
107.45030888102914,-25.624357270353073,7.0
135.03695282016716,-100.2715085562703,9.0
-16.540617682739327,63.25700408703155,4.0
-10.065500553040197,57.41417736650345,4.0
-136.61960166916927,-200.86509944438515,0.0
-30.755295277658714,113.93204141398378,5.0
-20.715640029303405,71.30171088826613,4.0
-49.80583457680079,126.05269657128194,5.0
-72.61712969319152,84.7552773369048,5.0
65.21376598171427,-16.94643649932603,7.0
-14.906218157192095,49.724917033795,4.0
72.41013924411504,-135.13290553446802,1.0
65.92003203887812,118.08414070988833,8.0
109.70517080935878,-31.520118256159286,7.0
81.25112171263257,201.5953688650203,2.0
-162.67955874601782,138.85484855176693,3.0
79.35750336654202,-148.1136284511965,1.0
134.1771642578421,-101.17251426813479,9.0
110.19777999086764,-52.87715105152458,7.0
-58.77201710622659,96.93409453209968,5.0
32.18165510942936,-112.03366535720303,6.0
72.85332197861914,-136.36664048096335,1.0
-49.9819813623921,78.79532422752204,5.0
-128.7230668132666,-187.59615952580728,0.0
49.47779855021742,106.41276967965192,8.0
58.8369586436215,-22.11478330810932,7.0
-124.62928176007335,-192.6480270836566,0.0
70.82938690448746,89.79737877153265,8.0
-123.4247348262205,-189.04326824735026,0.0
137.76283636238844,-97.63867695938094,9.0
85.05035547552998,-138.6229064495444,1.0
-42.39233471099971,113.16228508910356,5.0
71.7033979482004,-147.2973485694128,1.0
79.96355224454572,181.7007135488113,2.0
5.651453491792825,-118.42381741301115,6.0
-2.7753884794886403,55.80500270817724,4.0
127.81262925703184,-90.82918923160038,9.0
-5.674100104147554,53.534175219334074,4.0
-173.48152113471934,102.93079532444756,3.0
16.902316896810785,-140.30136965228908,6.0
69.84746629639616,-40.60691700819253,7.0
-163.64898994448387,117.95358850677187,3.0
-184.70274015782894,145.6502399498411,3.0
-55.296512725786876,118.53364013509389,5.0
21.606767843967113,-109.69468783152976,6.0
68.42790221002821,-16.336624709011986,7.0
-130.42597477311267,-184.59400424770075,0.0
-140.90433306012287,-187.3294126070607,0.0
-12.022850824616587,48.86188916422441,4.0
78.70830937060107,-137.38592297539512,1.0
66.86581005664652,121.69944408358717,8.0
21.24044145155631,-140.187570105267,6.0
-67.41875847999577,104.71556358549233,5.0
70.46217997062007,93.38098080800967,8.0
87.546517272438,191.95634759206848,2.0
136.639501791885,-97.12755689951294,9.0
-154.5762825185046,126.54067104410383,3.0
46.70630509721831,102.59071829637278,8.0
45.007114665237616,95.30825300440252,8.0
-137.5717992850517,-189.37390812782496,0.0
57.843482091209005,112.36661028314411,8.0
131.5939439438982,-100.61332605815613,9.0
127.226117333576,-104.88415335699469,9.0
46.901003226727575,120.42537518266478,8.0
-175.83938408805773,113.53910333738875,3.0
85.31655927341177,-36.97235956738358,7.0
96.83469529384533,-18.27571725057865,7.0
-202.34056905873143,117.60979629897585,3.0
72.73580803487941,-147.86109827928072,1.0
66.4092081004557,-41.250136482300576,7.0
73.63574244404441,-149.91811202656834,1.0
53.41303777809782,-46.20234785876989,7.0
-72.49182045943479,115.35549805150534,5.0
-129.92345559624468,-182.09853973590242,0.0
-49.239029916608814,72.07554334812822,5.0
-132.5363710237682,-191.17689887012952,0.0
-22.653909384763203,51.60121457344843,4.0
86.50837711813243,-9.760175963108647,7.0
86.27767781314029,196.79707928335426,2.0
-123.81367429810238,-196.7008586331992,0.0
22.04980843930515,-106.781503512981,6.0
-66.18375485707543,75.95389799656553,5.0
130.7982810411338,-87.91835781496687,9.0
43.034343016278434,82.29573943214103,8.0
63.56919728442147,106.32889991325268,8.0
75.29383695931837,186.07075816548024,2.0
110.12986001707274,-54.13322530216636,7.0
-68.94294767460134,117.06677475396555,5.0
135.86197269899,-91.07889756802619,9.0
130.09676025404502,-103.54464777401371,9.0
-4.81840594163563,53.736713833894626,4.0
126.61634052678853,-104.32809015739123,9.0
-24.3998084411272,60.501935780708244,4.0
38.33969546865377,97.09693850585042,8.0
57.69537591960506,117.95105664836308,8.0
-5.870324457004854,56.08594506521656,4.0
133.32677105287817,-104.4432719527243,9.0
111.13374611400101,-19.528031230427743,7.0
78.40404208826125,107.14108699370117,8.0
123.47005097573258,-94.9672700296546,9.0
-160.16646920561138,143.1798797921376,3.0
-53.08917110682264,86.10525591371,5.0
83.24681726260829,-66.62540176828152,7.0
-25.24364663059736,58.35325522066921,4.0
-8.589001291050728,60.647396241412515,4.0
-8.3138340429592,66.41491614903865,4.0
89.1069993164239,-28.918065902781617,7.0
-135.8331224459422,-180.79517833392097,0.0
131.09305095743775,-86.62716403592736,9.0
82.35516815068843,201.09496798018927,2.0
77.39808623434998,204.25823604120538,2.0
-21.85200877048009,58.59866056692642,4.0
132.15861053384643,-91.59448725508248,9.0
118.89053771129414,-37.09902923833626,7.0
70.95803081490308,-142.49446923888388,1.0
111.59546329903857,-38.423736480928035,7.0
-163.73687075091502,92.2999723466192,3.0
78.18071841872018,109.94237199153591,8.0
-37.55015112942721,95.21218667654274,5.0
5.090648758689287,-121.11283889721449,6.0
-176.30178265893423,120.86872411454023,3.0
-142.29878192210498,-190.31116572816688,0.0
128.16098384037784,-98.30516260115485,9.0
127.21666193595978,-97.11513536409878,9.0
67.87413628729395,83.33647562891227,8.0
62.18950456219788,101.04785897666663,8.0
-60.87849674406215,128.77030353009616,5.0
133.7571252710847,-91.52285118640187,9.0
21.16945267034081,-142.55361256641365,6.0
-175.82782931407323,112.2544352094655,3.0
54.10434630929791,-17.486563031968625,7.0
-40.40501104669717,116.99420219936691,5.0
67.33118488059266,91.22459658585299,8.0
78.0160167382811,-154.74960689000056,1.0
80.95268471478445,-154.54587605802973,1.0
119.91875623522796,-93.34232808589944,9.0
54.9263569341725,105.5498795535863,8.0
80.08015446232235,211.0708892854977,2.0
-165.6695115975921,103.99049793504328,3.0
-165.01540541422668,91.2795712016747,3.0
-200.74688631646353,115.72432522755467,3.0
-199.4668357174395,130.27191993331763,3.0
124.52579497143563,-100.12370918606766,9.0
89.9832838921802,187.06390581338147,2.0
61.44421327226415,-21.876564676826145,7.0
53.715966981514285,85.66006121048126,8.0
77.296263988362,202.80351906531075,2.0
71.01176967510256,117.8962256919212,8.0
127.12390487354381,-104.01855814640517,9.0
74.5604591447619,-141.20847491108213,1.0
57.98603029189427,81.82700851389116,8.0
17.670323479410293,-113.19215997956233,6.0
45.521644251155884,87.91987435158875,8.0
79.3382324960498,188.7107288767399,2.0
93.6434615109392,-46.43741956922876,7.0
70.39733477467854,194.90727491374042,2.0
80.17771272142039,-139.57322482797508,1.0
81.69119976490718,-60.554533615512085,7.0
-128.59277385416343,-182.45933566897935,0.0
124.86975970742046,-99.05551770479781,9.0
-138.28043699949035,-187.8458013473659,0.0
128.29609911236057,-89.8397122237796,9.0
-4.5280898927124,52.9709061561818,4.0
96.32768760274746,-46.50039154320493,7.0
64.80173628668966,208.31154449848378,2.0
-123.25435008093572,-195.55772669721924,0.0
-48.431825959426774,71.73740916331757,5.0
120.53622964216797,-42.03979856735167,7.0
68.99202124396402,-5.02246658185814,7.0
134.1947763570528,-97.8699306438032,9.0
-171.80518208167314,105.10824280488252,3.0
-167.92658556367647,110.9092158841232,3.0
120.13353910193928,-91.67483388596679,9.0
-21.169599616730352,67.1088339266406,4.0
119.8700218878025,-97.26028734973364,9.0
-125.81547915990471,-193.26169059914275,0.0
121.7475399014819,-95.39402126216089,9.0
107.69494233587966,-18.603945507703898,7.0
29.08018043067088,-121.30334627853208,6.0
-19.522654136783977,71.41915133940077,4.0
-132.75953474402857,-197.5194810412522,0.0
-138.223554069288,-200.2335788956754,0.0
68.09720785733515,-46.67568099010778,7.0
65.2461858564068,106.74610853963289,8.0
-68.72609065975465,89.81512270670447,5.0
-20.832500895843758,52.13133921297266,4.0
-138.5237955693273,-183.42623222176366,0.0
-140.2944532022091,-197.4442077286785,0.0
-73.45115635304248,114.99071642242944,5.0
-133.14696418814498,-197.36098571604575,0.0
-6.060896175483451,57.713323021979164,4.0
-58.28110422278353,111.68555023943534,5.0
-133.45315408013408,-192.39858315057936,0.0
126.3206315047538,-88.56765294383193,9.0
48.04526964219569,119.25501910682989,8.0
-2.6203932772377048,67.1157113424074,4.0
40.11892127068661,83.95411158243401,8.0
-4.282399602105471,69.72106992592698,4.0
71.23575937989105,1.945143720318491,7.0
-134.77955449611818,-189.27250380452145,0.0
-137.9203407124445,-190.40382851553957,0.0
-143.22773576219376,-187.0531174097599,0.0
-22.005164061747315,49.56854829047727,4.0
-136.14590901514774,-195.91052576702177,0.0
136.71716288157302,-102.04782847659612,9.0
-137.72685338393518,-192.04168520614044,0.0
43.83049023759419,84.22067056198827,8.0
51.60852749297531,116.83170392140988,8.0
-0.9255284885607828,62.35901534755681,4.0
24.676421307779332,-108.99991157859782,6.0
54.69354853584471,96.12151292146932,8.0
128.37988117116498,-88.26671796398107,9.0
60.58696965073791,-18.66186485529723,7.0
-162.1705735655465,131.02495096268476,3.0
82.06913766738583,-39.02309402923821,7.0
-152.8283820844794,136.86076303787348,3.0
15.874985615015504,-130.68412120271506,6.0
-133.2308179511052,-194.76739145952087,0.0
-43.97707852212842,116.36654891996074,5.0
-124.67879153412427,-186.52470201738893,0.0
124.85815415655263,-98.28736841338817,9.0
69.00806930005375,-134.8925014077635,1.0
-132.47362582221723,-187.86705217766738,0.0
15.117937385648457,-125.97336435931767,6.0
40.846074744283456,109.8574353834058,8.0
-130.728444835524,-190.4484952212195,0.0
67.78759201373897,-147.09873255001807,1.0
-132.09806883646155,-182.95228988189808,0.0
-4.739428517557547,52.09100930860696,4.0
135.7066320608013,-89.5728528845375,9.0
-128.1013812306299,-192.34467226798304,0.0
6.321379731580684,-113.3481486920323,6.0
-2.9242187101504147,54.85794328110761,4.0
-51.781516481498954,110.4139616200612,5.0
-137.28253311962197,-181.85982750524988,0.0
72.59809397677303,88.91078201944511,8.0
-135.48118854860684,-189.21371398707245,0.0
55.74139371903939,77.2275019113245,8.0
64.86476216187148,201.23472101049342,2.0
55.5482049720992,98.86371069399307,8.0
-139.63376786267884,-193.52923846235643,0.0
128.39993838312984,-96.33567968750958,9.0
121.12310082244173,-92.60777206741069,9.0
-1.0613053258763934,63.634931709112244,4.0
-200.80692947273837,131.68458087604424,3.0
91.10186117190594,202.02004858807572,2.0
-134.9816655510333,-180.41559085880658,0.0
-18.770105877741052,65.5704578652156,4.0
41.96451550367986,107.49522851748924,8.0
-175.06292903718773,94.46210920710499,3.0
72.26898503753667,112.67750515307398,8.0
-23.665652532125193,68.49564756163448,4.0
28.133622136763066,-128.350097833012,6.0
23.68976712660098,-127.89077366035222,6.0
-174.69178493501562,131.56008351013966,3.0
65.52557090109347,121.60872512320532,8.0
129.838225687563,-87.78656918580509,9.0
91.80862153502589,197.85741136280348,2.0
21.180598938140612,-138.5037160777007,6.0
-133.0497579790297,-200.72010126304383,0.0
21.682806144776855,-108.63932554693422,6.0
86.93815470314222,-25.776813400955447,7.0
66.90287522209488,190.4277241125519,2.0
9.288846061973175,-114.28059345183505,6.0
81.56507512381077,-149.18979379519723,1.0
64.5146785370489,106.56531381236336,8.0
39.293371527672555,-114.23218338884261,6.0
-131.36626520549336,-187.46079419029647,0.0
64.33474878722379,-1.6300375163602396,7.0
-183.8591411342937,93.87900450974331,3.0
-199.04249616202884,111.70724416955017,3.0
32.38400607756105,-126.63334710727956,6.0
-18.476652745343205,71.6818202918192,4.0
68.28386218097263,86.34824687654785,8.0
74.24077760464726,110.78277357215704,8.0
128.47183625455034,-104.40111066170019,9.0
-158.40058898776198,98.96909635825162,3.0
-76.79244751393256,106.19116237187521,5.0
-130.7623871463975,-198.2785917962791,0.0
-14.736020110220263,48.705423722469355,4.0
13.4538256408604,-127.47458414459538,6.0
-19.030548274394874,72.58377433396569,4.0
131.51562857070735,-104.06754765279233,9.0
-46.14515014810247,83.11622511682287,5.0
122.91179214603089,-88.54549187967788,9.0
-169.062271919649,89.91125437528592,3.0
122.9787604510913,-97.041947122602,9.0
133.92348910650486,-91.66896961131191,9.0
127.23764076029919,-96.04491282256546,9.0
76.28063936974527,97.91485342823411,8.0
128.57502593981488,-91.49665210459189,9.0
94.30288383598023,-15.109227736434864,7.0
132.90956027052678,-89.5870161665442,9.0
-128.76405613065782,-185.78274576589828,0.0
75.0974725718126,99.91998299836379,8.0
-23.751147349118995,96.4965364477521,5.0
-7.96577539205819,51.37809385261625,4.0
135.50921351532935,-92.53421051781034,9.0
73.25398851792437,181.8381429650638,2.0
-123.78089635917166,-191.1455937770675,0.0
80.43328564282989,-31.643621421583006,7.0
63.591162735434594,202.38394123489724,2.0
25.343008193223827,-115.41356846855803,6.0
-183.62987075773555,121.4431569937066,3.0
72.64900790757655,189.34735668080083,2.0
76.50990089266989,93.54218575829572,8.0
-18.938213588639435,51.75256008277232,4.0
67.28155621294846,80.43683281924122,8.0
-140.48456970643014,-192.72948566017442,0.0
9.1675720498395,-113.58729033872193,6.0
-12.116554061278787,73.06319345738459,4.0
114.97102426848762,-16.208528553706287,7.0
80.92797518132627,1.053275157604702,7.0
128.6615312417862,-99.2944780991034,9.0
124.57858388725302,-89.37180063541379,9.0
-140.66723945431386,-187.83961204847927,0.0
135.97384395926514,-97.41131398038102,9.0
-166.73640295502696,133.7170885502384,3.0
-171.42930398464628,111.96578522304826,3.0
-186.20911553530618,122.3166770680997,3.0
77.20403687291714,99.06982004520918,8.0
136.18888163052526,-97.59622666123074,9.0
-72.06676824081002,111.16389315795357,5.0
79.00940838513327,-142.1233927211904,1.0
75.27174475097137,-139.70148226762225,1.0
-137.41148389311704,-199.11892965743098,0.0
-198.3359538202919,118.27405633778632,3.0
-1.3728439347107333,60.24920029706467,4.0
-160.95278988382927,119.47794646374659,3.0
-143.39357450716096,-192.07615965134718,0.0
-140.14992833529718,-192.56034070000769,0.0
135.1110281915825,-96.58448516818856,9.0
-138.6314774358882,-196.68358858578918,0.0
-131.41343246196993,-185.7094189840939,0.0
58.98746454553621,106.41332543907407,8.0
137.59056620344117,-92.86293610267202,9.0
119.05646688214354,-96.84418841578,9.0
72.54419151862872,94.95466777692123,8.0
-133.61481950454277,-191.54401370661688,0.0
128.01387352969823,-93.45242294373672,9.0
-190.40184282130795,97.56759737529902,3.0
-124.14864738690201,-192.18115808143517,0.0
48.23288435769386,109.85578799068155,8.0
92.05091898472597,1.426522852187702,7.0
-154.65357626524113,103.48821804983156,3.0
-133.16024452854722,-196.65610391464637,0.0
86.20255924061874,-140.2254031623884,1.0
124.29732729452509,-88.13621798437869,9.0
67.92570012874523,-140.49384256150665,1.0
136.8205141473552,-96.2779150944032,9.0
-134.4707242636549,-199.4578309685703,0.0
131.56802903581212,-95.5520234515303,9.0
73.25733699064648,103.50433548918815,8.0
136.41150510755276,-98.42017047835093,9.0
67.08340507237602,-59.72081214836293,7.0
19.078303918290384,-126.74979024525489,6.0
36.75298534657344,101.04690771456191,8.0
126.92123117655068,-89.698339691225,9.0
70.84466284823631,-143.56944311969013,1.0
62.8896774885578,-8.013502941685775,7.0
-3.4543540174663026,67.26711478125344,4.0
81.86217328078445,-21.55800044140107,7.0
-69.99119084243445,112.37994557273535,5.0
57.38533077486722,96.44916168927884,8.0
114.4399035383924,-43.20099750596765,7.0
-177.20120390529897,98.40092891016998,3.0
-57.13919034590998,104.18977303754318,5.0
123.05681124723407,-96.83049473979064,9.0
-164.02119081601933,140.76089655712164,3.0
81.9252720932932,210.61841625893115,2.0
-182.30254197840011,118.77980427613794,3.0
-125.92235060319247,-196.47176540738988,0.0
-37.27422491411019,94.9394862797032,5.0
-61.021222021872234,98.84331442823508,5.0
79.90571607088907,209.7506703052793,2.0
-5.307680072590513,57.754382041042845,4.0
69.45271248929112,-19.29838526877056,7.0
-127.00128357007425,-196.9724755341123,0.0
-123.41527702140641,-189.43488270361243,0.0
-127.98011455838999,-198.49939097634982,0.0
-183.82588150906307,121.30281247315185,3.0
81.53521569080125,-141.36019840736313,1.0
134.21282367628748,-102.4727606946423,9.0
-141.8554051432503,-187.03803867665658,0.0
120.67070658969381,-25.0383309039513,7.0
127.9991190488121,-103.71902912611687,9.0
-9.001967925568161,51.8881625767621,4.0
76.65712396734389,191.72110817007749,2.0
-185.48958909402793,90.55306523864662,3.0
78.96331798992625,-148.83575830162854,1.0
78.11398821126372,-146.20902613788502,1.0
-173.22809156819642,91.02384148139225,3.0
59.40115011884566,-41.17066457944847,7.0
135.091330884993,-95.89409847876433,9.0
68.24422312435082,-144.06942738394628,1.0
-13.092574315361496,53.96790575409376,4.0
-140.8264863434348,-185.35216771074948,0.0
-126.31262351024236,-183.4682052350685,0.0
130.2217200326386,-88.60617455413627,9.0
-188.98065923499854,95.48732644778202,3.0
-135.6107925311653,-189.50139737776615,0.0
124.80004160985028,-102.98834058657702,9.0
-140.49291629053602,-197.37391525922163,0.0
59.18152738713449,104.30237817841841,8.0
77.28174960846292,-139.62124386440712,1.0
8.59134717234192,-133.69924643028293,6.0
-130.06532887499807,-195.39658508027762,0.0
125.52519936417758,-94.6830593363168,9.0
132.27493082134782,-103.54377917421508,9.0
-70.19178875453875,79.21840988682648,5.0
-40.9875229263112,104.27446995742551,5.0
74.56226534165697,-136.01126884257113,1.0
67.79606186281966,91.53389551392065,8.0
-142.8837650798158,-191.02661334333877,0.0
119.98904928585863,-92.74397613122414,9.0
34.009729004852815,-120.11860190036947,6.0
25.85750352642373,-119.07014193896588,6.0
137.43117468638525,-92.06632342676018,9.0
-77.72352319288072,92.82161022343675,5.0
-137.86852397277542,-187.67840162554424,0.0
5.8339247725224865,-126.90046808950312,6.0
-164.2576530927844,128.36250139793418,3.0
78.05266960570775,103.48445344926593,8.0
68.26240093295912,188.55611123616785,2.0
-123.61603857568709,-188.55084121568464,0.0
129.44955682047794,-89.18842431458195,9.0
47.94839099897775,79.83695086588749,8.0
60.54825547888483,193.42908689744803,2.0
28.085396254170803,-114.5937484837978,6.0
-141.09726031019713,-185.7708894753262,0.0
39.97238544785053,-133.56010090675022,6.0
-193.8239498671363,107.0942082907165,3.0
-195.90552897025663,140.67150834941802,3.0
-153.3702605056279,131.7858224598621,3.0
84.30301973858334,-145.72514805381238,1.0
-70.85422975124874,100.04499488612346,5.0
-137.61801724881616,-193.12659653155683,0.0
98.22110867104043,-67.41741120298843,7.0
60.120285124035334,80.38675392574112,8.0
82.83341078461248,205.62913286988888,2.0
-133.22390612690165,-181.68572653185262,0.0
-130.5219045966877,-182.96692494622255,0.0
-172.66852018103302,126.0960505161424,3.0
78.15737516833146,94.36653464345152,8.0
127.91311413499226,-87.8139643656403,9.0
-140.87253500820046,-198.61417643378817,0.0
124.48922797523161,-100.38697789056364,9.0
71.86181466123573,-144.59851875297898,1.0
38.34120423231964,109.13308724082806,8.0
62.10277757071146,192.12534301052796,2.0
66.1076601049201,103.53799902220449,8.0
102.82008383800306,-9.396964577485459,7.0
68.53516605789046,213.33248596814627,2.0
72.91150256544961,-149.95459510810264,1.0
77.29638893403734,-143.49900965452701,1.0
99.6487028951394,-38.02727728708903,7.0
-185.16752672020942,136.6267111677509,3.0
6.233734714087987,-126.83538559760227,6.0
80.12792755136577,-140.8127734997021,1.0
81.9209132440204,5.513480777465112,7.0
41.553556933781806,-128.8240153632041,6.0
81.91594438342906,-46.429771502890276,7.0
-26.89960151987716,56.75129746295334,4.0
71.13663321031251,0.7988038011460077,7.0
-11.39779686409475,72.20751675873,4.0
20.529114149606475,-115.04184802887255,6.0
76.49699533102158,204.89263402023178,2.0
-3.94122658514247,51.27160562454128,4.0
-47.0514834720245,114.18816175522743,5.0
85.92928650420811,-64.81509677037384,7.0
-127.07367004393224,-190.98313319290722,0.0
70.4227166239128,202.2311788126288,2.0
-136.3540110394668,-196.14945827041726,0.0
19.132577109820435,-143.46545051363105,6.0
73.31898081784507,113.33248755901265,8.0
131.42247628824626,-102.1194251239793,9.0
-177.14993128663,100.39225222647335,3.0
-20.816958344712173,61.73093800354143,4.0
-25.83209062903581,55.43503799911716,4.0
-49.65633101969479,104.4688139043857,5.0
74.79074543491957,-137.3978740554713,1.0
92.0294714399755,205.5433925969703,2.0
120.8108872888165,-93.01695518780427,9.0
-181.6427871404678,117.86531292338437,3.0
123.2291912710794,-91.8911086615657,9.0
91.00526669561671,5.291163235152602,7.0
-53.457861005200506,107.76113952343673,5.0
134.67792094870973,-92.84828733682888,9.0
60.02743894886325,-34.200682578234314,7.0
-122.41262144721958,-192.97398553928204,0.0
100.95331725706424,-35.66287886238363,7.0
81.08051586972283,183.06308490750718,2.0
126.70836577775232,-92.61145815041894,9.0
112.07105353980543,-25.012857794536462,7.0
134.02067574423953,-99.67291334677876,9.0
4.566498046250217,-119.26412005516697,6.0
14.196744504107693,-132.26493030324414,6.0
71.6699380912864,91.87044906559791,8.0
-185.8683635911163,121.82811425407169,3.0
-2.0722122951159623,61.99531939080432,4.0
-126.69301386499713,-186.15079700419437,0.0
-19.38541065919546,62.21699071667403,4.0
77.44984489729084,97.57608530083024,8.0
137.1889849620741,-95.94083714001285,9.0
-15.522907389832932,51.796815618498925,4.0
40.83646561808149,-117.67921086871156,6.0
128.99895387606026,-88.29942255928124,9.0
61.784988869682586,118.24820935804846,8.0
-49.71033308471115,122.51683705903588,5.0
-132.61513136510214,-183.42038284111135,0.0
80.69413540958686,-144.22513031801208,1.0
69.17019180914068,-153.53558226444773,1.0
40.167584470796314,95.24975622809667,8.0
65.63986092231893,122.32705734005964,8.0
77.45989006680706,-151.71415159416202,1.0
57.769834253111895,-28.662397822112002,7.0
25.437664336788572,-116.9942909094691,6.0
-64.1416931191094,100.05586946177412,5.0
120.23943333196041,-92.51741964130377,9.0
-129.37465670147455,-185.4533934092051,0.0
52.49717905967124,90.3301556807619,8.0
-26.78820977470565,62.001260126812056,4.0
-175.61395878942162,147.28968919763525,3.0
-153.68678294731197,118.5527531638398,3.0
-161.629564989908,116.19296048343942,3.0
65.2176824669823,-139.78374470503147,1.0
138.32363604077483,-97.51424847981708,9.0
-53.74406094416089,91.60599140304305,5.0
-185.47906272178673,108.33301081681883,3.0
-25.983126004788318,58.823888584310154,4.0
41.627631887062336,93.72070484712002,8.0
-167.57369798643208,118.73237957907288,3.0
131.61263869714438,-90.92416742848832,9.0
-47.00953234708029,78.36153064576246,5.0
-57.727599852791705,78.2210714865511,5.0
-155.63315093128395,135.12824621757827,3.0
-129.16951227676188,-184.56831243126356,0.0
-131.39623408527768,-197.91431053993094,0.0
42.37905142118011,103.47089460540748,8.0
-127.06060017141344,-192.11898939306508,0.0
80.4727212623934,215.5675164266589,2.0
122.10529067185449,-99.73796194938595,9.0
-23.030926308576937,50.599190918082186,4.0
-133.92066552949257,-193.27330489835717,0.0
21.29227588928596,-114.40700430215655,6.0
-132.62521972460402,-197.8292390217479,0.0
-65.46749768975528,123.1775373236927,5.0
-27.259601969423557,65.12343574325956,4.0
-4.26044579224884,56.957124434614194,4.0
-60.93391819260634,83.30888518184047,5.0
-157.34391692665264,135.09521872574317,3.0
109.47122911583014,-8.585195256884536,7.0
-24.341038912806187,65.33736149591097,4.0
73.18407638071274,99.80106694658492,8.0
-14.376187225651405,59.72583299152349,4.0
68.3035402671367,116.91594737510695,8.0
72.60232114751078,183.2858577463835,2.0
-31.59309612719452,115.09085136778506,5.0
-166.13909276285716,101.11933997478926,3.0
81.24936613811168,-43.923517903354835,7.0
132.64077069995352,-101.75726776526886,9.0
-128.56959750931023,-185.1572789961992,0.0
58.91326144251762,-29.190252396382,7.0
70.00065631532567,-134.59917587570723,1.0
67.87517324419059,79.05112661877462,8.0
10.504688964423172,-133.32033727055133,6.0
108.04501689147261,-52.47665086658316,7.0
83.84002306789576,-145.59739408609525,1.0
64.78099258524128,-4.75986592935617,7.0
66.68961568466291,-16.138148127841564,7.0
54.369553972354204,107.31114142165684,8.0
126.70576278615472,-95.08267092770045,9.0
129.54632450926846,-96.24704117972095,9.0
-125.00433555685979,-196.8289418021743,0.0
107.37423192772071,-33.78491527945363,7.0
54.36005177329499,107.17846271408402,8.0
-201.4199026109593,109.52309308246336,3.0
-4.941731256295906,63.42685165763282,4.0
136.7692886495836,-96.73999772376766,9.0
-31.561356329157444,104.85755503269462,5.0
-164.0097017872888,125.29259791628897,3.0
48.05996590751758,80.311336525956,8.0
75.13817540943722,-36.64123695198188,7.0
-205.2699846927051,120.25376817751071,3.0
63.46108514721785,194.36760923979259,2.0
-139.09366195228148,-197.18110060903877,0.0
120.88410186280767,-97.99320457198894,9.0
-130.5286191886528,-192.99489599680115,0.0
-52.58347682421799,118.98203857119582,5.0
-23.496329913696492,70.94793718996482,4.0
104.14953974310792,-28.852444064225114,7.0
-10.986168527410014,58.386425175574146,4.0
-20.508792297894736,64.11949149265577,4.0
75.12737043638303,-1.4295841899420978,7.0
-134.5065368689706,-200.2470204823677,0.0
71.69722661768199,211.4494169955734,2.0
100.68539718970867,-48.225807037891414,7.0
66.06105439607221,197.690901851195,2.0
132.7825873448549,-93.90404049180803,9.0
79.05192334351837,-149.85006303148475,1.0
-151.39509297282527,106.29626523460125,3.0
124.86196020232583,-101.26636803093065,9.0
-166.87933016303103,124.9521082017551,3.0
133.10860649135466,-99.19836042767909,9.0
-184.44592953192262,97.90660502949726,3.0
89.84460355849507,207.72491059371086,2.0
66.79657223230751,-13.492170543256567,7.0
102.75657493268488,-51.46335610346266,7.0
-63.3744407885342,107.47953242986246,5.0
-192.68872339054573,95.8029325350043,3.0
17.254998243909636,-131.64148135796677,6.0
95.24883333543379,-15.28739671191282,7.0
83.38321898294572,-149.17025033264667,1.0
27.796974659548454,-107.46931087412585,6.0
-136.82463676140765,-199.61852118320417,0.0
81.55807614493176,189.57766445189372,2.0
-197.12943390704683,103.44134539116601,3.0
-58.473352224058075,123.09401496357833,5.0
65.27137577426555,-20.96553865113527,7.0
-152.5788270414228,128.54038241586733,3.0
58.534118745847564,83.87822706043535,8.0
131.043680863178,-99.83724732897619,9.0
85.00346612571977,-57.58817853073439,7.0
-126.76333378528099,-192.71120604533948,0.0
-14.355555132783554,63.03573973807311,4.0
-56.674137997902356,127.8250545544924,5.0
-18.163050586882846,73.44130064348022,4.0
25.344677384731877,-143.4961774943523,6.0
-7.505000752543531,60.993480242521656,4.0
-153.4349902715299,112.93818184891627,3.0
42.33971837503063,102.92407912903133,8.0
-2.3988426867271038,57.83319006140973,4.0
53.472836699834225,114.5742527740417,8.0
78.12734334042432,-151.44343042385685,1.0
-8.748427842382245,65.32031874131489,4.0
-143.36856635875776,-190.30147042211172,0.0
86.75038746410023,-146.19894209444618,1.0
70.43938850216854,202.96235703155384,2.0
136.27519587383605,-98.12746157560565,9.0
71.96370498110994,-66.86403835962807,7.0
-183.77407055319415,133.2652829878465,3.0
74.3125050597751,191.35408932524138,2.0
71.72459158411674,98.76816475520312,8.0
78.20941072983457,-140.1752202756244,1.0
-27.078993128217242,61.788515733917144,4.0
14.629631814309388,-105.9778714072963,6.0
-187.4147793762379,129.02439410965954,3.0
121.97445450461898,-90.54392909702311,9.0
123.36358300988375,-102.79881133300329,9.0
97.76290943347773,-8.936156506353445,7.0
-130.50678260081807,-184.03152162044407,0.0
-199.09362910995148,132.8071725255243,3.0
-47.88230112021712,79.34972328272397,5.0
-18.724555391178065,54.99544048196244,4.0
64.57579596515819,200.86062664767988,2.0
-12.656363702271488,51.47229651608912,4.0
134.42908500331225,-94.51448885671091,9.0
-25.019897441270317,63.55465470776643,4.0
87.2918266750135,-146.01645689891532,1.0
74.27398517199669,86.75624146552849,8.0
-153.30406440581737,121.53170585518959,3.0
68.9046426050434,-1.1784597972511044,7.0
-139.43289929529428,-192.67380469262542,0.0
131.3624389238444,-98.29712315734604,9.0
130.91100962116735,-99.9701761325041,9.0
60.71911338057288,122.99502299334901,8.0
126.32302209946522,-91.50745469020654,9.0
78.37344244448758,-69.74833905340031,7.0
-181.1767795872591,97.78459275247951,3.0
-51.652962407465274,86.56108643756525,5.0
-30.78787731318861,111.91151440644313,5.0
129.71379668035826,-102.7813988520816,9.0
-28.312801121525354,93.88114798874645,5.0
76.88040014060425,92.32746288647348,8.0
130.37543290377627,-92.54587516804254,9.0
68.49079759997507,-142.3699575212932,1.0
47.575948091029275,118.49878369627642,8.0
121.74595794306913,-92.95920660232865,9.0
87.93068411586447,-143.41156511843008,1.0
-44.91851633037458,103.23845557779909,5.0
132.34859004579292,-90.54328261521883,9.0
-35.16214306074539,105.96095593545225,5.0
-16.76894217030482,72.49602830036112,4.0
130.15801577408345,-90.0729030459687,9.0
83.1391185584668,-144.75410132764736,1.0
-187.6566989126785,129.57531180233008,3.0
37.93211428687156,99.37434001853674,8.0
50.38702209645265,-17.25396422536779,7.0
88.84188287714426,-11.02786385806412,7.0
-190.70177343513618,115.76527645375248,3.0
-139.9280630988987,-193.0120579858168,0.0
32.533222273267654,-132.97729550267368,6.0
-20.056195954379437,69.22625356987754,4.0
103.35264258706735,-26.789747348283676,7.0
-123.7484160157453,-194.28345246225442,0.0
-17.31685189758077,48.15881072876843,4.0
131.33932737236418,-99.91759382707161,9.0
125.03055720440868,-90.13088868881277,9.0
74.96677948396835,200.9997095206535,2.0
75.62251696598196,196.33872453263143,2.0
-128.35912077748665,-197.86088497711117,0.0
-36.879095553555345,84.5690830283427,5.0
119.11321555855656,-96.39366051040598,9.0
-14.593100165473857,59.421729477055905,4.0
-62.196458834279206,87.07948334010887,5.0
-10.02439831713949,53.745901229994324,4.0
-177.23248914758733,134.8824179013401,3.0
-21.380242633910267,49.233040485925976,4.0
64.61125473036296,208.81411478824512,2.0
-139.8753228595765,-197.99366403077138,0.0
-124.41743028788873,-191.14786252303784,0.0
-20.86608428603054,66.95654311846836,4.0
26.062049449889336,-130.7532712098663,6.0
66.79614833253261,211.15290018116443,2.0
36.64082852395241,111.48420388901673,8.0
103.23668472618047,-49.153242274223125,7.0
128.62781145860978,-97.2913849794279,9.0
63.357721925230805,78.56246202415369,8.0
-6.528225191323725,70.71317945813024,4.0
-53.30879767385154,110.73463632448981,5.0
-5.179190900305814,55.371608595542114,4.0
108.49624220994995,-38.71292627019885,7.0
-123.96407472804667,-188.09704357544746,0.0
-124.86706526936857,-191.7675794770551,0.0
-125.00677798104248,-194.06871609949783,0.0
-153.20837065760517,124.78014265715225,3.0
24.111050684789245,-106.59648960382538,6.0
-134.03720178609942,-187.6225322514478,0.0
-23.033180661745526,63.67620323650145,4.0
-7.335030083307941,69.542365442813,4.0
49.466176201196255,94.36408708846488,8.0
33.373885112749065,-126.46258249901231,6.0
113.00261064472566,-50.34432769704388,7.0
49.31039397687112,93.99557330522455,8.0
-125.04192073839044,-188.9777030879897,0.0
-137.18790555632756,-193.1848876077895,0.0
-34.09532611240021,82.21535358976257,5.0
84.05697334995594,192.30725460560552,2.0
21.023648254452215,-109.53878377024276,6.0
71.54264202671226,-137.59267249031447,1.0
-18.224962049128834,50.400849364642504,4.0
83.11203160402505,-44.97197831239473,7.0
23.574756055748367,-141.58863462533688,6.0
125.88844613704123,-100.36286034147811,9.0
-125.02109341451961,-197.28889203474617,0.0
-183.5412551802563,94.69500301154471,3.0
-127.7065331518722,-191.5763854200659,0.0
17.43974245956686,-128.3100162951041,6.0
28.27463502080701,-110.02779819404081,6.0
-174.85671543406275,146.5490679611385,3.0
112.85602861939282,-33.45256504331383,7.0
119.37186156139084,-22.74579928499076,7.0
37.20301954458561,-111.70316135934804,6.0
-48.622987232967745,124.5658763460612,5.0
-21.188292475573853,66.51325632627979,4.0
65.61518074583135,186.54492300786583,2.0
5.6362687220254735,-129.18422819377875,6.0
-127.5212118339144,-190.54950806691784,0.0
-135.8909309375011,-193.21756533501357,0.0
-170.65849124268257,145.66209204598564,3.0
78.78627115519252,-147.20805341634482,1.0
80.95576071617039,-28.673165525881185,7.0
74.38994491799775,-137.33403465080073,1.0
-136.0978209922551,-189.88736385390894,0.0
61.48053167147663,198.18150762606138,2.0
-50.314779520173076,86.07947258712662,5.0
-125.77258002088176,-194.1598192201495,0.0
71.97267473647554,-133.429389199683,1.0
81.65202288941909,184.9807213790146,2.0
-176.9551197954072,139.46857160430045,3.0
-161.62010859382679,140.39424698756497,3.0
106.57312153123449,-22.84186858399319,7.0
53.63853282951809,99.20254059113044,8.0
79.07580109686634,-153.98590736119613,1.0
67.74643455734613,104.3735855471466,8.0
-185.55206370656103,139.49363431830184,3.0
-8.401956774734142,62.763821869190245,4.0
66.80373940311439,-142.2906382991344,1.0
81.72022067062662,-143.7041289738152,1.0
-7.658132481093885,58.63662138962263,4.0
-130.72731910065684,-181.72828396608185,0.0
62.382632463256186,-45.65569699395668,7.0
-23.56196648410377,63.857146105915994,4.0
127.1413045022991,-102.24175442690252,9.0
-173.4214284579681,109.09704220458129,3.0
-128.25514645597326,-188.31007016624704,0.0
136.38905583323216,-102.0986133076807,9.0
-15.51388328929807,57.26179769638081,4.0
121.22620432117081,-98.34880931881555,9.0
-8.405290333910525,67.41622505320329,4.0
-8.505647159382374,65.54278338811378,4.0
11.108325722753948,-111.50097216163692,6.0
75.15637631921027,-57.57999900100903,7.0
60.64317776757011,-31.21976637904219,7.0
81.39831589216386,194.18842573566815,2.0
-130.0672974307584,-195.96126772397926,0.0
-168.0101704311292,138.43362905690736,3.0
71.9250196556042,188.26716249433554,2.0
9.194576751017708,-114.07683046049075,6.0
95.48225903187463,-52.523437719714195,7.0
77.65538120902906,193.02345366891154,2.0
83.6652914295751,205.30101021715035,2.0
-182.14919560017597,133.48934977607792,3.0
20.450426494695293,-126.76954989225194,6.0
-126.19381211494918,-191.17636447765943,0.0
133.78425045318434,-97.6983381079315,9.0
133.7307628319049,-103.65693907493393,9.0
41.38106594062894,94.61877012672424,8.0
-26.665004748247945,63.89649165175918,4.0
-51.019858595904665,81.02026066768909,5.0
73.32723476861972,-144.98165652331454,1.0
93.43438267976113,193.06108049543514,2.0
-131.05033039593184,-189.91193273809975,0.0
57.057881358818946,109.94878103704995,8.0
94.37551405921408,201.8909259615795,2.0
-157.6537321592651,113.70128484594495,3.0
82.58953337365114,193.13714904208285,2.0
-138.6571870475531,-199.63760681180352,0.0
44.488714860333054,118.74081935472871,8.0
68.04465198186593,101.03427701319475,8.0
120.44464326408986,-98.19547179823252,9.0
132.58291979559465,-103.82309170225426,9.0
82.31372294522924,-139.81459450917123,1.0
72.8911650059278,-63.24731393622005,7.0
120.6538346801439,-100.6369352009668,9.0
129.43416377944902,-89.2170837355581,9.0
69.0738842116817,203.9637118843241,2.0
64.07148228816393,205.02130280044292,2.0
102.58765846819476,-57.030616622423594,7.0
39.177994383341925,85.98627343717231,8.0
-174.580342505637,117.49238083294901,3.0
114.47385778862336,-44.71392218694271,7.0
55.33975854434636,88.79094588193728,8.0
-197.65038109610708,106.87539296264318,3.0
-183.52466802224183,93.40174129755582,3.0
56.50715934166798,77.94864871349048,8.0
-139.0240676209145,-193.74832258591547,0.0
94.85360692865022,-54.26333039913597,7.0
-9.473552765897193,61.7245720899696,4.0
77.14684993541836,-149.555447488901,1.0
15.868708440364856,-122.05734527324822,6.0
67.80028331762588,188.46800598894407,2.0
23.438213884008462,-128.73438858330022,6.0
-22.820386892192484,93.57291320464901,5.0
-129.58757637684897,-187.38697255710758,0.0
-1.7832361721502785,63.73707082436663,4.0
-194.96647926303382,130.41794607964368,3.0
-131.6086642159118,-189.5539574787772,0.0
-58.780045365043456,105.85594025490902,5.0
74.46439172181343,100.58804049358024,8.0
27.49158646307304,-130.12125407227566,6.0
-153.254501212948,102.00613994836371,3.0
-176.00104904961626,134.46431574775622,3.0
18.170626925817828,-136.9932561728964,6.0
-27.794080035275805,86.31529883519238,5.0
-139.54009279134473,-182.27198041674777,0.0
-135.6915133048442,-187.81491138940905,0.0
44.01463460615692,113.00057255457827,8.0
-125.92224565555972,-197.31853869817047,0.0
79.0163938902347,208.87231943092874,2.0
-70.97322191322999,108.97676129608864,5.0
-44.7796983315378,109.6668918166331,5.0
76.51198648421091,182.5050427723563,2.0
115.42824797162622,-13.914872426037387,7.0
71.99222596557277,212.8024453610621,2.0
-45.559764047062245,81.27350624149814,5.0
20.068703806982164,-117.28469595791493,6.0
-14.941614273795954,60.96609868626053,4.0
-137.76405580409192,-198.39271207340005,0.0
-155.14397545622526,110.62115154266355,3.0
-171.35714521930436,99.32160887427803,3.0
137.3322957376191,-92.43755954214058,9.0
120.80008003494414,-30.009146664263415,7.0
90.59466933358269,-40.22167515695746,7.0
25.11800045939709,-136.64209468622926,6.0
128.62084927256578,-104.74485045331123,9.0
-142.30169946438625,-185.70773219731223,0.0
-199.25283909427992,130.9553621227029,3.0
-122.33260067582728,-193.3222917744608,0.0
91.17516692136527,202.42421513382317,2.0
125.00822079599334,-105.14021068159498,9.0
35.34290737236108,-134.54239709735015,6.0
-142.2892218875269,-191.93688900221974,0.0
-171.3965922892087,140.11514755196617,3.0
53.1937560954793,84.50054048389366,8.0
138.20889062583473,-94.42614999307936,9.0
84.86988352875278,208.5567419616895,2.0
86.31834651857045,184.37447059130383,2.0
54.080199963075266,114.15314263106883,8.0
-37.14041483245768,85.2773718970722,5.0
-39.27615094426119,82.54546193689164,5.0
73.25749011336637,112.97151732215326,8.0
-20.254323008804942,58.07506288260695,4.0
69.93477977025853,108.46003700972082,8.0
-59.84123058464553,99.90649535109267,5.0
-136.65415484603275,-180.70565033102284,0.0
-130.94458025475316,-199.56046460177296,0.0
70.56868965904265,-136.74992222486938,1.0
-124.18528804006439,-187.78084710043782,0.0
-152.7272756051853,129.4147753593611,3.0
-136.59188002630748,-188.78922325922886,0.0
-163.58653708066302,103.86522558421233,3.0
66.31304088689137,87.0371187428003,8.0
-33.661525299416326,101.15688852025879,5.0
18.730480000649763,-137.2830734789621,6.0
-138.2190862237778,-195.63177877598332,0.0
-196.9838450209478,139.94774395889505,3.0
-12.754732756722422,72.71259064129612,4.0
-35.2489889002574,129.87318659757588,5.0
-143.82914879032325,-192.28601413988025,0.0
76.1410849981635,199.63971076109533,2.0
127.48925933677081,-89.27411730888117,9.0
68.28595618694132,193.39591964263505,2.0
40.51136228864471,113.39612951341793,8.0
105.15458108542792,-21.385460782385998,7.0
80.66572575759616,-144.17645608028303,1.0
-200.49585891631537,133.00062311651237,3.0
63.62559696493713,204.61575540602558,2.0
-76.0408272187497,105.92116613911585,5.0
-7.021196206062399,57.84729492152248,4.0
66.3622619995844,195.10590232346615,2.0
94.87872864589252,-61.870105585673286,7.0
75.67884272486576,-145.14219047753255,1.0
63.15868754685735,80.77317938001445,8.0
-41.78963758030379,117.82997770543588,5.0
-189.64841494513828,111.54749126653415,3.0
-18.684416528543426,53.96038338447233,4.0
-15.688757162291182,66.68256015592831,4.0
48.89035838015811,102.28605947946224,8.0
70.83047751107404,-32.96448424800479,7.0
-6.765667876041855,57.977790137521836,4.0
89.62789649566054,-35.26062067436895,7.0
-164.13922150424114,99.08681505858665,3.0
-134.36724393950243,-188.99884106620976,0.0
-67.3285661905155,113.20103794922363,5.0
-6.199096607362514,66.89413151833844,4.0
89.44263629143127,-54.211012863002,7.0
69.66215705139355,84.28980956601106,8.0
-48.67406111337753,126.74335450114074,5.0
34.38884978237887,-137.66169688189342,6.0
125.79971137223278,-87.37311212773764,9.0
-142.6957952733324,-192.08404009822235,0.0
77.6748064479171,93.86978592113562,8.0
34.04620931109177,103.50491803284605,8.0
-55.8880649053962,105.56835813938112,5.0
-22.293089826883346,63.6658815889556,4.0
60.2827332329596,-50.33934235291484,7.0
130.1789524656282,-89.28023126137623,9.0
-48.32677964662496,80.21942358670503,5.0
-152.57569005758774,134.49802124043768,3.0
38.541766104524065,-123.00958888241082,6.0
132.55579718018726,-91.41991986756965,9.0
-150.84993314929855,107.89026500689016,3.0
-158.5334389421778,99.12585105438566,3.0
85.09066998062823,-150.11067247022888,1.0
27.515482615608978,-131.64265735741503,6.0
-15.547158121310348,62.34528864592084,4.0
-181.84384526483126,97.49749815634436,3.0
-193.832211790283,117.7332219539274,3.0
87.27840003735551,-144.12844774171862,1.0
70.37439325731728,-154.55856319872382,1.0
-161.2182274494581,100.01163999438444,3.0
-19.133651782316917,61.53927950258413,4.0
-26.78304680047161,61.97998109946512,4.0
-157.06777883157412,124.89840271027441,3.0
-18.111864752938857,93.03566256093748,5.0
69.36290298311403,-67.54958229080536,7.0
-143.2768979298062,-194.37670279986915,0.0
17.780038257992093,-141.8000082333537,6.0
79.26851027181554,202.90988371745877,2.0
80.24092448575833,197.61148086572862,2.0
123.16309378394986,-89.60850725291823,9.0
-127.79131973032426,-183.98964845493092,0.0
45.39749068691717,88.33185970086427,8.0
131.2610231772067,-88.02295590700255,9.0
-133.01588367375348,-201.72921507838657,0.0
-189.3737465883437,104.0566348438596,3.0
-8.392911687495872,56.116766630756985,4.0
14.698908005401837,-138.13686340936812,6.0
59.28046501359647,-27.650385171022034,7.0
57.08316245894359,-56.74253787445164,7.0
113.26978557729495,-51.246713231805444,7.0
134.09292847087937,-96.05688203685614,9.0
-142.487448235154,-191.9564801076397,0.0
127.92507065228247,-88.21381160902928,9.0
-14.604019092622591,52.6854952857711,4.0
79.63151896158406,213.68510744516414,2.0
130.6990531473432,-92.93019638060085,9.0
80.51153881975947,-154.2004875060405,1.0
137.70411928198337,-96.7272123648873,9.0
-46.53828951879857,98.41368887116649,5.0
42.65053980855815,84.1892058270261,8.0
-37.16346735761556,123.67663225319006,5.0
-2.6582671176179353,63.135334235897595,4.0
-14.753223409266258,53.10578962531227,4.0
23.772490338425335,-110.6037369480746,6.0
123.58285992802578,-101.47974440801242,9.0
131.7506908495965,-93.22641957274533,9.0
-131.13937896530672,-183.9670249203715,0.0
-10.669239337339649,59.00075951874059,4.0
91.48077913626028,-42.355986141077636,7.0
-20.94945818640177,52.071225004768,4.0
-13.797742655712428,69.36096463055577,4.0
71.79703541734138,194.02757092648096,2.0
-71.9978501676857,90.05962086067589,5.0
132.07078548606574,-96.65647000536345,9.0
-18.355311985953733,67.15364959905504,4.0
39.22214277889333,104.41015160357613,8.0
109.85925293099949,-53.22793060320942,7.0
-138.71631807760554,-195.26579583525768,0.0
-131.35750487964572,-183.4263927337991,0.0
-1.5718180535109116,55.365063957160686,4.0
68.97678363243254,195.42304876537096,2.0
-162.64541246079187,130.43240144796096,3.0
-162.16361349723624,128.67180644195886,3.0
88.78455339973787,-42.08972362232758,7.0
134.14653925705716,-103.88116970609757,9.0
-183.51068224568525,112.49771686054157,3.0
-17.903349537635446,65.18513902694725,4.0
118.98215218362891,-17.569207053089034,7.0
128.30904428208217,-86.60996436362551,9.0
22.329801469555324,-140.23636489446335,6.0
77.83747956682409,-154.114624778348,1.0
88.6734665076086,188.4126991161758,2.0
10.222622411197628,-134.2351191737001,6.0
-6.948999523708359,62.15179898500023,4.0
133.78155752175397,-102.86598092516383,9.0
-125.58168336425074,-198.3508563927356,0.0
69.9443941059305,89.7191737410449,8.0
119.48275810578191,-93.02946194106102,9.0
122.83388741454742,-93.73301434044504,9.0
-167.1917192804039,115.85521168135851,3.0
80.37848860643243,-142.18574366129394,1.0
69.4315648628732,212.24268620160228,2.0
75.38115057464137,-153.7320353315085,1.0
-123.35723310837524,-194.59869889715205,0.0
-134.05635020258543,-182.43144090299316,0.0
-58.693321026094665,104.8735087113036,5.0
-40.39503009346871,102.08670927424747,5.0
-146.55197100053144,116.72451353575936,3.0
65.89784439169755,-148.15623118559836,1.0
-65.23046979405663,109.96286394489913,5.0
-31.68178558026336,83.5782558550935,5.0
-2.78518828879794,56.59498997431924,4.0
51.277775996722696,97.71879540092446,8.0
-7.284440538710524,53.729329608395055,4.0
-128.5033817663922,-198.90625347448673,0.0
127.61077698129533,-88.57924322153029,9.0
-128.4151993568257,-187.9809900767273,0.0
59.344534493963884,82.69169747066692,8.0
72.63859513768071,-143.03151522198308,1.0
-162.19229750610728,143.41918226594808,3.0
-63.391784155838494,87.09947529176127,5.0
67.68872264564284,83.17023710041683,8.0
61.197426638333766,106.61881503923205,8.0
84.78017522898608,-143.12075512128735,1.0
32.44636411626897,-132.49654049103722,6.0
-132.34619016682242,-196.93730739202311,0.0
-161.56340887609778,116.83707975465612,3.0
-140.33630433516612,-196.34809866036417,0.0
-140.55831752988385,-198.21706896713812,0.0
-16.604993003018684,57.74378998742582,4.0
136.92850050941988,-94.78849999684407,9.0
-57.91108450299692,127.08363111733652,5.0
-137.1548609335018,-191.48299544824175,0.0
-154.60659865064164,100.19486210322127,3.0
38.1307010115463,114.12407856384984,8.0
120.90793224101735,-101.83104012765489,9.0
72.35261735443588,-142.56853553187182,1.0
-202.57692351947853,107.5869908918223,3.0
129.22755378837473,-90.58495055512134,9.0
-129.86487715685612,-193.69932089098964,0.0
67.08780080802828,-143.83895976928082,1.0
130.50545434682988,-96.98591197932878,9.0
-53.79058723157668,114.11115040713253,5.0
-187.30836364324665,116.56256132992522,3.0
-18.86109093850102,50.332244850636094,4.0
-19.772190989332135,62.431455038353846,4.0
65.16527013448018,-143.36343493856032,1.0
95.21533969541689,-5.3465292763430305,7.0
-12.818498872483929,65.22317852540242,4.0
71.86662112251452,181.8340195407088,2.0
-6.395571405686796,56.83498479764765,4.0
86.77103498186032,-18.757819613953565,7.0
59.44996540025999,96.78259751726874,8.0
39.47799816694169,83.83440971446382,8.0
-71.7726879581641,110.57398667527717,5.0
65.02930656193416,211.59931435815324,2.0
94.74132930252478,-36.69292235311751,7.0
-7.298250733165143,61.28279326257417,4.0
50.63646384894348,88.64155033089241,8.0
133.73005795643243,-103.69525866066867,9.0
-58.195979127178035,112.52155787333189,5.0
-19.869335662012183,57.71973446324641,4.0
68.64461637567129,93.93032673467162,8.0
57.682726572570346,118.97307728708981,8.0
40.415475520103904,89.64091826300783,8.0
14.88616887761777,-121.2343404978437,6.0
28.807051025311242,-136.8081512864709,6.0
39.527406087066645,-113.45552350838302,6.0
68.15021982271499,-143.93205437701144,1.0
106.61553428517695,-37.06436529159772,7.0
129.46691819261108,-95.36938741513327,9.0
86.9296566232398,-38.22918585261266,7.0
-15.08340557912853,47.30834325406486,4.0
-127.65570430968523,-190.6130821036485,0.0
-61.00106177435016,107.54235951400264,5.0
67.12087369401824,-150.506170834519,1.0
64.55405417388923,-13.656995070445916,7.0
46.35437558069641,78.53740457401216,8.0
65.18854594150949,208.28391489026805,2.0
65.07930020475989,121.27400541675404,8.0
-7.403683617760042,51.86558455033287,4.0
74.2687254165065,-138.4795024545331,1.0
74.81795414159738,-153.53204955629968,1.0
40.85513450367226,-117.04231643611563,6.0
77.92859809658333,93.54104652298058,8.0
77.10866771099153,187.02343884510807,2.0
81.83124526170137,197.20888871780866,2.0
75.04090849445645,-48.27606921165127,7.0
71.720891913353,190.12024712694227,2.0
44.97253418556411,114.96902452759275,8.0
-167.89932712790292,144.07261167652186,3.0
-49.37351206603112,110.90948509428111,5.0
20.495438114044724,-122.46566981816996,6.0
-51.341459676678994,116.90811227522582,5.0
75.60354935507283,-26.625027739950625,7.0
-129.5801612893026,-194.3682521485691,0.0
-29.948088079296333,88.38650780200987,5.0
108.69047059192233,-54.964488711480186,7.0
138.42670848698128,-96.1929797124316,9.0
33.617901269466785,104.10549469175291,8.0
62.76668653900372,-13.043784568490302,7.0
134.41856321487316,-96.20365607668184,9.0
78.73212238312928,94.98282013027887,8.0
94.77415563615229,197.24111989834287,2.0
-5.367894791068123,49.978732482019986,4.0
-141.77213017287778,-185.16089889660478,0.0
87.63138541817135,2.303739290187643,7.0
57.63065990249066,106.24239184679077,8.0
130.70819008090473,-100.21407815222621,9.0
84.9456154203435,-26.89307586660396,7.0
71.16010737867356,104.28611484370568,8.0
9.33963001148576,-130.99199143470352,6.0
39.06461297514011,-127.80340810268551,6.0
59.96777516996577,88.33277164431034,8.0
125.66534124953097,-96.39349590697871,9.0
-61.66107757808861,123.15946896066251,5.0
-23.282675419393023,58.64957096086122,4.0
-6.112066303046111,49.98762157601765,4.0
-185.40127719008626,96.08405440417155,3.0
91.1621457437667,202.04454168045694,2.0
97.09311350415918,0.0004349106065788533,7.0
9.79493232621674,-109.19043802290436,6.0
-15.27338607148412,56.137805715346005,4.0
-10.259352274375551,69.52450276358874,4.0
63.50473827524583,197.8961285218855,2.0
99.59601859974124,-40.1359475830425,7.0
-3.0122140985211505,66.16384040877176,4.0
-137.0914853626226,-198.5179475696342,0.0
35.88450850975509,106.76602272205673,8.0
-129.07045851688017,-195.57507749417275,0.0
131.50811694716373,-100.79238440771111,9.0
-192.7175366032458,127.33334593289929,3.0
-153.6662128960482,124.65793894519824,3.0
-204.10356707054274,115.93342964115095,3.0
-171.180687723378,144.81580327613472,3.0
-187.2774378494786,120.93970256403354,3.0
-131.48552128178196,-193.5017118091545,0.0
52.7195188331457,120.15181837033491,8.0
33.2124338438924,-115.15781718420949,6.0
-17.655267259261617,74.1372087197133,4.0
78.27284227759394,191.45369456272962,2.0
69.73751094362936,108.31830878550232,8.0
37.94218374156749,108.88227825013749,8.0
57.701626749764756,-35.20267891142733,7.0
133.73963955260945,-96.98036895681201,9.0
-198.3467935673633,132.29263120104744,3.0
-9.021653207722782,48.67296165061609,4.0
-54.74409800105329,86.22607673334848,5.0
40.8598490691747,96.40549297801763,8.0
99.50257063776708,-58.783106744669645,7.0
84.3304331946048,-144.00298985579212,1.0
79.94265460011786,-148.71997167977804,1.0
78.96507898260485,-149.95692107328864,1.0
102.32184321705157,-8.326505574855553,7.0
-134.47113416212764,-184.36520538139888,0.0
39.23884487738233,105.0198232947626,8.0
129.2006698354806,-105.76682935846846,9.0
-133.65655872262542,-201.74473734235846,0.0
-170.3569345660502,145.45711928177374,3.0
-77.08341639483126,99.29429604971368,5.0
7.693254696713382,-130.85647257860032,6.0
-24.052055468660928,112.93641481637083,5.0
63.94672163290126,100.33425174929056,8.0
-140.22650026012647,-186.9928268293867,0.0
-189.51489944755107,133.70167540721303,3.0
-159.81117359374525,99.88128309824447,3.0
-6.867092886121883,57.39286125469311,4.0
69.91854515169133,-57.3259776097362,7.0
133.66673719858616,-104.43287922339366,9.0
-130.19252945697139,-180.95293934972008,0.0
-125.81295117003201,-190.442925244366,0.0
136.47748375006907,-95.10795466287603,9.0
36.95224102061543,103.82376808855354,8.0
119.28175950079788,-97.79517347685203,9.0
59.963015238246236,201.84367212310906,2.0
123.52006282277593,-91.67838211099026,9.0
80.18262894305545,202.82184437683537,2.0
-7.286743123892835,68.79053300258586,4.0
69.6887058079179,92.95189798926046,8.0
68.46279823331025,110.61599721791566,8.0
30.577154948463328,-141.3861424864849,6.0
-17.02044311525528,69.74616378874299,4.0
-133.08393174960258,-197.61494134960802,0.0
-55.82138240068302,98.89320113923344,5.0
73.64314886477572,206.51737169328925,2.0
78.80464503735786,187.50547378773868,2.0
66.26245238138992,104.61317319433537,8.0
-184.7152780979301,95.00719685631864,3.0
14.242236301783993,-116.93189622174297,6.0
-6.486292536688318,49.20413446775589,4.0
100.84009418271441,-59.60681886003467,7.0
78.38687541760856,110.75017492074262,8.0
80.14684736164192,199.99469619753734,2.0
-140.97706943205705,-188.75190692999928,0.0
48.43027220567067,86.67916280649185,8.0
-9.398102452281307,49.69877442028096,4.0
79.7458610562752,-64.03709982352035,7.0
-10.700334949807369,57.887408634903316,4.0
-192.27381729547687,104.34197259250105,3.0
137.06645146011206,-95.975118623042,9.0
-135.4091136721123,-180.51053529501834,0.0
-25.515643498007996,62.500340030187786,4.0
-192.24176919738903,123.6415238694396,3.0
-18.464939870992893,58.76885189975816,4.0
-25.296212493359686,114.3751262796816,5.0
126.39359058434567,-98.73282084279671,9.0
-123.78981155727786,-185.77789189216855,0.0
56.47094042290243,106.95275391834616,8.0
-190.05148037622564,127.14650283728699,3.0
88.64509767311448,188.7460360783856,2.0
122.96522573575928,-101.28817898745513,9.0
56.07256864966096,99.56795939621014,8.0
-143.05485361850802,-188.46368956922842,0.0
78.62700173407671,187.46787670230304,2.0
31.180548629652904,-133.19464215916884,6.0
112.54268220311704,-36.16789367616991,7.0
80.83124195747891,-136.5542707148128,1.0
65.38728789253801,112.85435275334639,8.0
-127.67027011355921,-196.39271660297476,0.0
-56.653495895135045,104.61405047602521,5.0
72.32062917979412,-148.04396812425637,1.0
-132.86450353700675,-196.16263725104926,0.0
-23.714991411664172,59.0469569373516,4.0
84.42576246902459,200.82947071719252,2.0
-139.4203545201433,-182.86724175423043,0.0
128.83004907402025,-103.84213198602181,9.0
51.95560809182057,-29.08382673834337,7.0
94.75956177413765,198.55317040567252,2.0
-193.9686519941692,118.09099452648333,3.0
67.18839595656908,-140.3242800826882,1.0
72.65298384410545,96.89242245186165,8.0
72.48858542392485,-38.50409945859052,7.0
69.93498538968946,-137.35354518264762,1.0
-23.086929698757153,117.14880598415992,5.0
-58.41032710545109,114.3099219693853,5.0
-40.55986381690707,130.18059492846248,5.0
127.97093870625237,-89.01852086400737,9.0
-134.41790745757717,-189.0820377928934,0.0
98.59842878577508,0.6871043497268303,7.0
30.890012156916704,-118.92000521507138,6.0
-26.79457051070822,109.78933474640206,5.0
128.97256640536952,-86.5656565690273,9.0
57.38551072197296,83.63975190939308,8.0
-75.6520522004207,89.65464216539823,5.0
124.18462365420503,-98.78127153514701,9.0
55.74221449066706,115.28079671571939,8.0
-202.50862821423954,105.92615909210703,3.0
-6.800512160469195,70.181755214942,4.0
87.3206464256864,-54.97637590708982,7.0
66.21449616563255,96.35487465102365,8.0
123.26444531021141,-29.950427339038797,7.0
129.72856117051975,-99.71137531657394,9.0
123.07991502540746,-90.240714774377,9.0
88.40940105707233,191.39814925882573,2.0
-185.03626912674102,129.28796916321397,3.0
53.181126083961104,-40.219659465131116,7.0
87.52919432291995,201.61410849588125,2.0
47.1980024545363,87.80132213248758,8.0
-8.081871542212117,72.79763064597353,4.0
68.8393027029692,192.87010697257026,2.0
100.63649425228401,-51.633678684402085,7.0
78.19480441891744,200.29943859590338,2.0
87.88289628983442,5.057526429186254,7.0
78.36098734094772,197.39536906804167,2.0
-129.8665409458695,-190.1473086156429,0.0
-137.18355053935298,-200.81357458063943,0.0
102.60055961482618,-18.327829671700425,7.0
-160.26298336218127,136.09825268301194,3.0
56.44725732974976,83.44614699908547,8.0
-18.45480936114017,69.51906976184313,4.0
26.047873486542347,-122.02734267982187,6.0
85.88282056787983,200.93277024070989,2.0
125.66884217829374,-97.14683026567276,9.0
-153.15184988267413,129.90553919687832,3.0
126.90467820168752,-92.78596339553035,9.0
-8.48444725563175,66.53949492403652,4.0
89.52320020259815,186.13449380349164,2.0
-137.58374267832514,-191.03959506740114,0.0
75.35550183920452,-36.62050967968458,7.0
12.704340832793335,-115.43839230168335,6.0
70.64776708746234,98.68008020792116,8.0
-17.410392097725833,103.58999716221224,5.0
-40.76553758911807,116.3971341994581,5.0
-65.8044439983237,97.75689404214214,5.0
-138.7028636394215,-188.13319383541136,0.0
83.33737787561428,-143.96181090668105,1.0
12.606604740987812,-109.13965008871727,6.0
-22.99200702492914,63.89828024668585,4.0
-63.295507573935076,73.1661298667562,5.0
-126.12022128899585,-185.38596443559157,0.0
76.09486335583641,199.13894252088593,2.0
82.36987310215261,215.87081028563898,2.0
-179.13572977129311,145.89080066943043,3.0
-131.65390637366974,-197.7627310603383,0.0
-56.57365303605771,102.77425187152924,5.0
92.42712942340103,-3.671589154351988,7.0
-68.80721498360455,88.71212652821808,5.0
131.02069285114388,-103.25720276955226,9.0
-127.89746851074366,-190.005983970553,0.0
70.20786672346796,-135.70401432372998,1.0
32.29234348819542,-141.3663561768655,6.0
72.2989498353357,182.1908837274093,2.0
-157.91705674777285,110.49341617817834,3.0
77.7909868985163,-137.44592524937747,1.0
77.88481694752987,-144.9815224412207,1.0
31.195054751730552,-109.58085842572743,6.0
17.6737531392331,-132.1799520072043,6.0
-12.79682877131976,49.415190380101365,4.0
-45.7367486558541,69.91825396281959,5.0
80.72774837199402,-149.22709979268808,1.0
72.01815746923882,183.73656902247632,2.0
20.81170951203833,-106.78142626486843,6.0
89.39657651392936,204.79159431376297,2.0
82.35230003364015,-134.3995215873182,1.0
102.88367436127668,-42.4995547159528,7.0
129.44555905209725,-93.24885862858027,9.0
-127.67293621528522,-187.36238924446846,0.0
78.33566463885079,-135.53861828761566,1.0
-7.220429308074894,51.838943903872405,4.0
124.37450940970498,-93.69284062572711,9.0
65.31733352660346,-142.52834159927562,1.0
-4.749106113866834,63.23612502079628,4.0
52.464991998944754,-36.422447841443365,7.0
-63.629623128285616,79.75618331147722,5.0
-66.14861901090612,109.09518024990713,5.0
-128.04007727825538,-191.97628157277674,0.0
-185.5865767355019,111.26387599495678,3.0
-143.18508687475088,-191.4194617549488,0.0
82.35990293954335,-145.14157771942345,1.0
70.6667301755488,103.6495099163789,8.0
-67.00225050267707,79.96849010301969,5.0
135.49326219223244,-90.76115547760548,9.0
74.86753880626483,204.32052149906013,2.0
-61.914985616465025,80.05249237637888,5.0
132.967103013295,-102.21979467089662,9.0
68.62446613950522,196.44548593610142,2.0
-138.77640910570443,-193.82134319585748,0.0
128.3442026712074,-88.73096630505066,9.0
77.54439832571538,206.99137573897613,2.0
-7.953890155414665,49.89918380030021,4.0
16.760425446484287,-142.116257115733,6.0
110.14636721516831,-53.1155209539873,7.0
103.80141303810959,-28.837674288803875,7.0
67.56584893543491,205.60326754225466,2.0
127.82779153727375,-86.94525004116922,9.0
33.61546819043331,105.3381524228123,8.0
59.864719451518376,92.42785402937358,8.0
-136.2059040638293,-186.90118222650295,0.0
128.7373609372408,-96.41992820619885,9.0
133.94608420059035,-103.66149814272464,9.0
-125.93142203265671,-189.87620390710762,0.0
-125.35700829092772,-184.63428223564276,0.0
-74.59727666839935,114.3634977152999,5.0
-43.39497993671572,78.79378575575902,5.0
112.58459836410088,-40.66251821337448,7.0
-131.56690428055248,-201.22894876993087,0.0
72.61242525599226,206.16047237770567,2.0
-138.42064436114538,-200.1260011156918,0.0
130.38771128049734,-89.07681314015096,9.0
-134.07381501984912,-188.83141517730138,0.0
-142.87766362072873,-189.31225842542378,0.0
-31.358494560378407,113.67556832144973,5.0
137.54881595685845,-94.43533513089918,9.0
68.63780368209329,-141.6949966609086,1.0
28.37618700860531,-123.13453354694252,6.0
127.13613391015508,-88.97198089154499,9.0
-53.07954747568597,125.05808605858958,5.0
103.03453340670754,-1.2090094185575033,7.0
-46.80848971892017,80.6627129865208,5.0
83.57199175610957,-152.119577542669,1.0
-16.247827409698996,51.334449955582606,4.0
130.07117122236258,-95.82858063615419,9.0
127.42160017380988,-101.34904616346594,9.0
-139.38003472603123,-184.49666960915226,0.0
34.14145694521189,-122.43042439071877,6.0
20.363452936165707,-126.76684819252178,6.0
-126.89820435945026,-184.6015271802545,0.0
-130.19575712978857,-187.34878598150712,0.0
68.36202778490721,-3.44192591637189,7.0
-4.436742993178504,68.48743827672268,4.0
-59.19876466715283,83.57108427996982,5.0
133.5966109229358,-103.05898680668992,9.0
77.58012363761912,109.06072819705503,8.0
-15.105415587000948,60.87416364532103,4.0
54.719130250725094,80.63280859403136,8.0
84.39177591520861,197.56618925402904,2.0
-45.46490158275794,124.87757272191119,5.0
37.60737123906691,99.28993143322212,8.0
96.23036954782144,-1.0887468053744236,7.0
72.28048907423738,-142.66068901687953,1.0
123.84166150595644,-97.57966115694023,9.0
-162.76304872942995,143.55006354823817,3.0
65.07447882512778,-64.0966165282279,7.0
68.10403200929902,-135.15526478950733,1.0
125.21639728376994,-87.04039682755219,9.0
84.90595015629474,214.79696144063925,2.0
127.8644461735263,-94.46847246016985,9.0
129.81573259399272,-99.9388473018211,9.0
56.24848701223765,-18.51992690604336,7.0
-42.410350061693514,109.17642432656223,5.0
-174.80944049117682,117.02529541425538,3.0
-30.157345007697028,107.03622580798762,5.0
-20.322821805523468,53.523348214049804,4.0
81.19453948502473,-149.88771616346037,1.0
81.08659885403107,188.7639363099592,2.0
29.084173534683377,-132.43947139210127,6.0
133.1972064372286,-95.01390521426121,9.0
-125.44843602860334,-197.68713762931878,0.0
137.4744683976549,-92.80187510274388,9.0
-135.57986543412542,-192.53206466628873,0.0
-59.10072426859033,121.48492855763193,5.0
71.7644172576354,195.17661981323144,2.0
60.839308532018684,123.52676107251628,8.0
-23.34392626809698,82.52546903693627,5.0
-35.37317810754939,85.80694940936841,5.0
8.631684176179796,-129.79641307206833,6.0
-61.72342240730361,112.80380359700891,5.0
-14.397994210333215,50.81618859272466,4.0
-195.7317260435416,122.07618696028747,3.0
87.52034785744397,209.26027127668303,2.0
-36.38201728975608,111.11010310951795,5.0
72.64104287590523,112.39534358356381,8.0
129.91736456474158,-101.54880809755876,9.0
30.01439890611463,-115.85904388930827,6.0
-199.04573739506998,107.17743999532283,3.0
46.50309661512452,120.80612640675851,8.0
73.97839018549529,-55.42433848885541,7.0
-16.079177521976835,58.66773190627864,4.0
55.814881305968555,107.79898080822346,8.0
-25.575916296190247,64.26375044859141,4.0
41.1702376336123,-122.9042396932716,6.0
82.25463008633247,200.78948900028573,2.0
-17.424893769647394,65.65650695567717,4.0
-13.66112476991776,62.20039055650339,4.0
39.99929354044231,108.82288897865446,8.0
33.237273446860364,-114.53893128258822,6.0
68.51117908639851,107.60722129702259,8.0
-16.796297501974113,47.98024324621941,4.0
75.9985327379029,192.28983866669773,2.0
-60.05842530752498,116.70142815018446,5.0
-69.34710367803557,86.25134071359695,5.0
-180.80578516951593,146.91625693726152,3.0
67.1143708945763,-138.93680047981255,1.0
-136.62050484872213,-190.31416449710937,0.0
11.828560480697394,-107.70773516079556,6.0
68.42414601710082,-152.8115599046813,1.0
76.58034170859361,-135.00121088146597,1.0
110.39182234381161,-45.42916117678112,7.0
-187.38925151741117,135.4384328942729,3.0
-167.25468345718656,96.74485345211681,3.0
-22.69227845074855,64.05319669612652,4.0
131.75221850751674,-92.67337528152161,9.0
-160.01185256857644,137.22561797285198,3.0
74.28959668038138,190.79378874152644,2.0
-16.527677314552793,74.04440662637371,4.0
-194.4221268004423,130.93891094099052,3.0
93.60160648841357,-69.01481929991948,7.0
49.61994168641693,-29.180094669806856,7.0
-10.620827946416075,50.13491046511326,4.0
69.0590110014905,197.0196353170869,2.0
84.97347364704191,-145.26914216400652,1.0
-177.96785614042363,89.18793008847494,3.0
-183.28052583551914,129.53686542250344,3.0
128.0854174763264,-102.36395338875748,9.0
-9.044508573511283,55.53049870007187,4.0
54.08966685332224,-47.321850937811924,7.0
-32.717032004006995,89.05156108614621,5.0
8.278296637686305,-127.51638187310581,6.0
-12.587008814194249,47.313471288609236,4.0
92.31071347936651,192.55518810394753,2.0
-143.30935280572544,-192.33669418749614,0.0
107.84954074988678,-33.72650353867312,7.0
-140.9528400091012,-189.3359770093621,0.0
82.63906120514532,-141.69206751533792,1.0
-131.3337996183223,-196.528167534122,0.0
60.12727510279366,78.4976891139793,8.0
135.5405789687532,-90.32983468840867,9.0
53.42326063705938,104.85087924415339,8.0
-180.4396814693149,107.5226843983168,3.0
75.29608977682422,92.9660156672012,8.0
-175.2158787514608,112.2450326087264,3.0
45.93921141856535,116.14344841978003,8.0
133.92122743382473,-100.599117019008,9.0
66.57239621063181,88.81922718420937,8.0
64.92298528772203,-141.71042560194638,1.0
-78.43570001824358,101.94222502650757,5.0
-134.34426975799582,-181.32180100639414,0.0
68.46042410854015,-143.37934158013866,1.0
83.08313327149865,-135.91857170253837,1.0
-135.92573471872714,-199.72880865396428,0.0
-16.799772983233733,50.23782189070009,4.0
47.55025061263455,87.30590655414903,8.0
77.31132259837347,-149.73564082229603,1.0
135.59003713639098,-93.20779461437343,9.0
-9.729191123421884,54.840621999635246,4.0
68.9207778899704,-147.5044681605303,1.0
70.63272280953903,92.61007966436955,8.0
65.03611158210182,78.37456070924569,8.0
125.45860094913739,-89.2174974134559,9.0
-43.97800508673315,97.79887530020703,5.0
128.14642515702087,-95.73283128283946,9.0
73.55112869250011,207.24917138056125,2.0
-21.588543514584934,57.266439550036736,4.0
32.31047272998332,-115.64508817674977,6.0
129.01246796257618,-97.28640783014947,9.0
56.531000975101534,-32.271653802393466,7.0
137.34152609949783,-99.53768511583445,9.0
121.33795904233905,-93.27524947908431,9.0
116.03819238012301,-25.436872158771482,7.0
-12.049835563597215,69.91127263597654,4.0
136.02726687910808,-99.28488369327204,9.0
134.45735686208312,-103.94412276905746,9.0
59.474473480092385,-32.554121693652654,7.0
-178.4669234582961,129.74670863491872,3.0
136.8784356765944,-96.50991643353376,9.0
48.221913208936215,82.53161605559282,8.0
40.029135989962654,86.73975344017003,8.0
127.91356339237349,-87.41523949616939,9.0
17.18517290663318,-141.251629362149,6.0
90.80525292671841,-25.78146510468749,7.0
-16.8279084673266,62.53520544816809,4.0
138.62880270388854,-97.36304045989985,9.0
130.26029676612967,-91.65091279688549,9.0
-47.77021504170887,108.05335686520645,5.0
-142.28608824315663,-194.9163295923505,0.0
